<?xml version="1.0" encoding="UTF-8"?>
<beans xmlns="http://www.springframework.org/schema/beans"
	xmlns:xsi="http://www.w3.org/2001/XMLSchema-instance" xmlns:p="http://www.springframework.org/schema/p"
	xmlns:context="http://www.springframework.org/schema/context"
	xmlns:aop="http://www.springframework.org/schema/aop" xmlns:tx="http://www.springframework.org/schema/tx"
	xmlns:mvc="http://www.springframework.org/schema/mvc"

	xsi:schemaLocation="http://www.springframework.org/schema/beans  
                           http://www.springframework.org/schema/beans/spring-beans.xsd
					       http://www.springframework.org/schema/context
						   http://www.springframework.org/schema/context/spring-context-3.0.xsd
						   http://www.springframework.org/schema/tx
						   http://www.springframework.org/schema/tx/spring-tx-3.0.xsd
						   http://www.springframework.org/schema/aop
						   http://www.springframework.org/schema/aop/spring-aop-3.0.xsd
						   http://www.springframework.org/schema/mvc
						   http://www.springframework.org/schema/mvc/spring-mvc-3.1.xsd">
						   
	<context:property-placeholder location="classpath:mysql.properties" />

	<bean id="dataSource" class="com.mchange.v2.c3p0.ComboPooledDataSource" destroy-method="close">
		<property name="driverClass" value="${mysql.driver}" />
		<property name="jdbcUrl" value="${mysql.url}" />
		<property name="user" value="${mysql.username}" />
		<property name="password" value="${mysql.password}" />
		<property name="minPoolSize" value="10" />
        <property name="maxPoolSize" value="100" />
        <property name="maxIdleTime" value="1800" />
        <property name="acquireIncrement" value="3" />
        <property name="maxStatements" value="1000" />
        <property name="initialPoolSize" value="10" />
        <property name="idleConnectionTestPeriod" value="60" />
        <property name="acquireRetryAttempts" value="30" />
        <property name="breakAfterAcquireFailure" value="true" />
        <property name="testConnectionOnCheckin" value="true"/>
	</bean>
 
	<bean id="sqlSessionFactory" class="org.mybatis.spring.SqlSessionFactoryBean">
		<property name="dataSource" ref="dataSource" />
		<property name="configLocation" value="classpath:sqlmap-config.xml"></property>
	</bean>


	<bean class="org.mybatis.spring.mapper.MapperScannerConfigurer">
		<property name="basePackage" value="com.linda.cluster.redis.monitor.dao" />
	</bean>

	
	<bean id="transactionManager" class="com.linda.cluster.redis.monitor.spring.MonitorTransactionManager">
		<property name="dataSource" ref="dataSource" />
	</bean>
	
	<bean id="monitorAdvice" class="com.linda.cluster.redis.monitor.spring.MonitorTransactionAdvice"/>
	
	<tx:advice id="transactionAdvice" transaction-manager="transactionManager">
		<tx:attributes>
			<tx:method name="*" propagation="REQUIRED" isolation="DEFAULT" />
		</tx:attributes>
	</tx:advice>
	
	<aop:config>
		<!-- transaction config -->
		<aop:pointcut id="transactionBusiness" expression="execution(@com.linda.cluster.redis.monitor.spring.MonitorTransaction * *(..))" />
		<aop:advisor advice-ref="transactionAdvice" pointcut-ref="transactionBusiness" />
	</aop:config>
</beans>