<?xml version="1.0" encoding="UTF-8" ?>
<!DOCTYPE mapper
	  PUBLIC "-//mybatis.org//DTD Mapper 3.0//EN"
	  "http://mybatis.org/dtd/mybatis-3-mapper.dtd">
<mapper namespace="com.linda.cluster.redis.monitor.dao.ClusterDao">

	<insert id="add" parameterType="cluster" useGeneratedKeys="true" keyProperty="id">
		insert into redis_cluster(productId,clusterName) values(#{productId},#{clusterName})
	</insert>
	
	<select id="getById" resultType="cluster">
		select * from redis_cluster where id=#{clusterId}
	</select>
	
	<select id="getByProductId" resultType="cluster">
		select * from redis_cluster where productId=#{productId}
	</select>
	
	<delete id="deleteById">
		delete from redis_cluster where id=#{clusterId}
	</delete>
	
</mapper> 