<?xml version="1.0" encoding="UTF-8" ?>
<!DOCTYPE mapper
	  PUBLIC "-//mybatis.org//DTD Mapper 3.0//EN"
	  "http://mybatis.org/dtd/mybatis-3-mapper.dtd">
<mapper namespace="com.linda.cluster.redis.monitor.dao.MonitorMemoryDao">

	<insert id="add" parameterType="monitorMemory" useGeneratedKeys="true" keyProperty="id">
		insert into redis_monitor_memory(productId,clusterId,redisNodeId,addtime,used_memory,used_memory_rss,used_memory_peak,used_memory_lua,mem_fragmentation_ratio,mem_allocator)
		values(#{productId},#{clusterId},#{redisNodeId},#{addtime},#{used_memory},#{used_memory_rss},#{used_memory_peak},#{used_memory_lua},#{mem_fragmentation_ratio},#{mem_allocator})
	</insert>
	
	<select id="getByProductAndTime" resultType="monitorMemory">
		select * from redis_monitor_memory where productId=#{productId} and addtime&gt;#{start} and addtime&lt;#{end} order by addtime asc limit #{limit} offset #{offset}
	</select>
	
	<select id="getCountByProductAndTime" resultType="int">
		select count(*) from redis_monitor_memory where productId=#{productId} and addtime&gt;#{start} and addtime&lt;#{end}
	</select>
	
	<select id="getByClusterAndTime" resultType="monitorMemory">
		select * from redis_monitor_memory where clusterId=#{clusterId} and addtime&gt;#{start} and addtime&lt;#{end} order by addtime asc limit #{limit} offset #{offset}
	</select>
	
	<select id="getCountByClusterAndTime" resultType="int">
		select count(*) from redis_monitor_memory where clusterId=#{clusterId} and addtime&gt;#{start} and addtime&lt;#{end}
	</select>
	
	<select id="getByNodeAndTime" resultType="monitorMemory">
		select * from redis_monitor_memory where nodeId=#{nodeId} and addtime&gt;#{start} and addtime&lt;#{end} order by addtime asc limit #{limit} offset #{offset}
	</select>
	
	<select id="getCountByNodeAndTime" resultType="int">
		select count(*) from redis_monitor_memory where nodeId=#{nodeId} and addtime&gt;#{start} and addtime&lt;#{end}
	</select>
	
</mapper> 