<?xml version="1.0" encoding="UTF-8" ?>
<!DOCTYPE mapper
	  PUBLIC "-//mybatis.org//DTD Mapper 3.0//EN"
	  "http://mybatis.org/dtd/mybatis-3-mapper.dtd">
<mapper namespace="com.linda.cluster.redis.monitor.dao.MonitorKeyspaceDao">

	<insert id="add" parameterType="monitorKeyspace" useGeneratedKeys="true" keyProperty="id">
		insert into redis_monitor_keyspace(productId,clusterId,redisNodeId,addtime,databaseId,keynum,expires,avg_ttl)
		values(#{productId},#{clusterId},#{redisNodeId},#{addtime},#{databaseId},#{keynum},#{expires},#{avg_ttl})
	</insert>
	
	<select id="getByProductAndTime" resultType="monitorKeyspace">
		select * from redis_monitor_keyspace where productId=#{productId} and addtime&gt;#{start} and addtime&lt;#{end} order by addtime asc limit #{limit} offset #{offset}
	</select>
	
	<select id="getCountByProductAndTime" resultType="int">
		select count(*) from redis_monitor_keyspace where productId=#{productId} and addtime&gt;#{start} and addtime&lt;#{end}
	</select>
	
	<select id="getByClusterAndTime" resultType="monitorKeyspace">
		select * from redis_monitor_keyspace where clusterId=#{clusterId} and addtime&gt;#{start} and addtime&lt;#{end} order by addtime asc limit #{limit} offset #{offset}
	</select>
	
	<select id="getCountByClusterAndTime" resultType="int">
		select count(*) from redis_monitor_keyspace where clusterId=#{clusterId} and addtime&gt;#{start} and addtime&lt;#{end}
	</select>
	
	<select id="getByNodeAndTime" resultType="monitorKeyspace">
		select * from redis_monitor_keyspace where nodeId=#{nodeId} and addtime&gt;#{start} and addtime&lt;#{end} order by addtime asc limit #{limit} offset #{offset}
	</select>
	
	<select id="getCountByNodeAndTime" resultType="int">
		select count(*) from redis_monitor_keyspace where nodeId=#{nodeId} and addtime&gt;#{start} and addtime&lt;#{end}
	</select>
	
</mapper> 