<?xml version="1.0" encoding="UTF-8" ?>
<!DOCTYPE mapper
	  PUBLIC "-//mybatis.org//DTD Mapper 3.0//EN"
	  "http://mybatis.org/dtd/mybatis-3-mapper.dtd">
<mapper namespace="com.linda.cluster.redis.monitor.dao.MonitorCpuDao">

	<insert id="add" parameterType="monitorCpu" useGeneratedKeys="true" keyProperty="id">
		insert into redis_monitor_cpu(productId,clusterId,redisNodeId,addtime,used_cpu_sys,used_cpu_user,used_cpu_sys_children,used_cpu_user_children) 
		values(#{productId},#{clusterId},#{redisNodeId},#{addtime},#{used_cpu_sys},#{used_cpu_user},#{used_cpu_sys_children},#{used_cpu_user_children})
	</insert>
	
	<select id="getByProductAndTime" resultType="monitorCpu">
		select * from redis_monitor_cpu where productId=#{productId} and addtime&gt;#{start} and addtime&lt;#{end} order by addtime asc limit #{limit} offset #{offset}
	</select>
	
	<select id="getCountByProductAndTime" resultType="int">
		select count(*) from redis_monitor_cpu where productId=#{productId} and addtime&gt;#{start} and addtime&lt;#{end}
	</select>
	
	<select id="getByClusterAndTime" resultType="monitorCpu">
		select * from redis_monitor_cpu where clusterId=#{clusterId} and addtime&gt;#{start} and addtime&lt;#{end} order by addtime asc limit #{limit} offset #{offset}
	</select>
	
	<select id="getCountByClusterAndTime" resultType="int">
		select count(*) from redis_monitor_cpu where clusterId=#{clusterId} and addtime&gt;#{start} and addtime&lt;#{end}
	</select>
	
	<select id="getByNodeAndTime" resultType="monitorCpu">
		select * from redis_monitor_cpu where nodeId=#{nodeId} and addtime&gt;#{start} and addtime&lt;#{end} order by addtime asc limit #{limit} offset #{offset}
	</select>
	
	<select id="getCountByNodeAndTime" resultType="int">
		select count(*) from redis_monitor_cpu where nodeId=#{nodeId} and addtime&gt;#{start} and addtime&lt;#{end}
	</select>
	
</mapper> 