<?xml version="1.0" encoding="UTF-8" ?>
<!DOCTYPE mapper
	  PUBLIC "-//mybatis.org//DTD Mapper 3.0//EN"
	  "http://mybatis.org/dtd/mybatis-3-mapper.dtd">
<mapper namespace="com.linda.cluster.redis.monitor.dao.ProductDao">

	<insert id="add" parameterType="product" useGeneratedKeys="true" keyProperty="id">
		insert into redis_product(name) values(#{name})
	</insert>
	
	<select id="getById" resultType="product">
		select * from redis_product where id=#{id}
	</select>
	
	<select id="getAll" resultType="product">
		select * from redis_product where 1=1
	</select>
	
	<delete id="deleteById">
		delete from redis_product where id=#{id}
	</delete>
	
</mapper> 