<?xml version="1.0" encoding="UTF-8" ?>
<!DOCTYPE mapper
	  PUBLIC "-//mybatis.org//DTD Mapper 3.0//EN"
	  "http://mybatis.org/dtd/mybatis-3-mapper.dtd">
<mapper namespace="com.linda.cluster.redis.monitor.dao.RedisNodeDao">

	<insert id="add" parameterType="redisNode" useGeneratedKeys="true" keyProperty="id">
		insert into redis_node(productId,clusterId,name,host,port) values(#{productId},#{clusterId},#{name},#{host},#{port})
	</insert>
	
	<select id="getById" resultType="redisNode">
		select * from redis_node where id=#{id}
	</select>
	
	<select id="getByClusterId" resultType="redisNode">
		select * from redis_node where productId=#{productId} and clusterId=#{clusterId}
	</select>
	
	<select id="getByProductId" resultType="redisNode">
		select * from redis_node where productId=#{productId}
	</select>
	
	<delete id="deleteById">
		delete from redis_node where id=#{id}
	</delete>
	
</mapper> 